[{
	"scm.alwaysShowActions": false,

	"scm.alwaysShowRepositories": false,

	"scm.autoReveal": true,

	"scm.countBadge": "all",

	"scm.defaultViewMode": "list",

	"scm.defaultViewSortKey": "path",

	"scm.diffDecorations": "all",

	"scm.diffDecorationsGutterAction": "diff",

	"scm.diffDecorationsGutterPattern": {
		"added": false,
		"modified": true
	},

	"scm.diffDecorationsGutterVisibility": "always",

	"scm.diffDecorationsGutterWidth": 3,

	"scm.diffDecorationsIgnoreTrimWhitespace": "false",

	"scm.inputFontFamily": "default",

	"scm.inputFontSize": 13,

	"scm.providerCountBadge": "hidden",

	"scm.repositories.sortOrder": "discovery time",

	"scm.repositories.visible": 10,

	"scm.showActionButton": true,

	"diffEditor.codeLens": false,

	"diffEditor.diffAlgorithm": "smart",

	"diffEditor.ignoreTrimWhitespace": true,

	"diffEditor.maxComputationTime": 5000,

	"diffEditor.maxFileSize": 50,

	"diffEditor.renderIndicators": true,

	"diffEditor.renderMarginRevertIcon": true,

	"diffEditor.renderSideBySide": true,

	"diffEditor.wordWrap": "inherit",

	"editor.acceptSuggestionOnCommitCharacter": true,

	"editor.acceptSuggestionOnEnter": "on",

	"editor.accessibilityPageSize": 10,

	"editor.accessibilitySupport": "auto",

	"editor.autoClosingBrackets": "languageDefined",

	"editor.autoClosingDelete": "auto",

	"editor.autoClosingOvertype": "auto",

	"editor.autoClosingQuotes": "languageDefined",

	"editor.autoIndent": "full",

	"editor.autoSurround": "languageDefined",

	"editor.bracketPairColorization.enabled": true,

	"editor.bracketPairColorization.independentColorPoolPerBracketType": false,

	"editor.codeActionsOnSave": {},

	"editor.codeActionWidget.showHeaders": true,

	"editor.codeLens": true,

	"editor.codeLensFontFamily": "",

	"editor.codeLensFontSize": 0,

	"editor.colorDecorators": true,

	"editor.columnSelection": false,

	"editor.comments.ignoreEmptyLines": true,

	"editor.comments.insertSpace": true,

	"editor.copyWithSyntaxHighlighting": true,

	"editor.cursorBlinking": "blink",

	"editor.cursorSmoothCaretAnimation": false,

	"editor.cursorStyle": "line",

	"editor.cursorSurroundingLines": 0,

	"editor.cursorSurroundingLinesStyle": "default",

	"editor.cursorWidth": 0,

	"editor.defaultFoldingRangeProvider": null,

	"editor.defaultFormatter": null,

	"editor.definitionLinkOpensInPeek": false,

	"editor.detectIndentation": true,

	"editor.dragAndDrop": true,

	"editor.dropIntoEditor.enabled": true,

	"editor.emptySelectionClipboard": true,

	"editor.experimental.pasteActions.enabled": false,

	"editor.fastScrollSensitivity": 5,

	"editor.find.addExtraSpaceOnTop": true,

	"editor.find.autoFindInSelection": "never",

	"editor.find.cursorMoveOnType": true,

	"editor.find.loop": true,

	"editor.find.seedSearchStringFromSelection": "always",

	"editor.folding": true,

	"editor.foldingHighlight": true,

	"editor.foldingImportsByDefault": false,

	"editor.foldingMaximumRegions": 5000,

	"editor.foldingStrategy": "auto",

	"editor.fontFamily": "Consolas, 'Courier New', monospace",

	"editor.fontLigatures": false,

	"editor.fontSize": 14,

	"editor.fontVariations": false,

	"editor.fontWeight": "normal",

	"editor.formatOnPaste": false,

	"editor.formatOnSave": false,

	"editor.formatOnSaveMode": "file",

	"editor.formatOnType": false,

	"editor.glyphMargin": true,

	"editor.gotoLocation.alternativeDeclarationCommand": "editor.action.goToReferences",

	"editor.gotoLocation.alternativeDefinitionCommand": "editor.action.goToReferences",

	"editor.gotoLocation.alternativeImplementationCommand": "",

	"editor.gotoLocation.alternativeReferenceCommand": "",

	"editor.gotoLocation.alternativeTypeDefinitionCommand": "editor.action.goToReferences",

	"editor.gotoLocation.multiple": null,

	"editor.gotoLocation.multipleDeclarations": "peek",

	"editor.gotoLocation.multipleDefinitions": "peek",

	"editor.gotoLocation.multipleImplementations": "peek",

	"editor.gotoLocation.multipleReferences": "peek",

	"editor.gotoLocation.multipleTypeDefinitions": "peek",

	"editor.guides.bracketPairs": false,

	"editor.guides.bracketPairsHorizontal": "active",

	"editor.guides.highlightActiveBracketPair": true,

	"editor.guides.highlightActiveIndentation": true,

	"editor.guides.indentation": true,

	"editor.hideCursorInOverviewRuler": false,

	"editor.hover.above": true,

	"editor.hover.delay": 300,

	"editor.hover.enabled": true,

	"editor.hover.sticky": true,

	"editor.indentSize": "tabSize",

	"editor.inlayHints.enabled": "on",

	"editor.inlayHints.fontFamily": "",

	"editor.inlayHints.fontSize": 0,

	"editor.inlayHints.padding": false,

	"editor.inlineSuggest.enabled": true,

	"editor.insertSpaces": true,

	"editor.language.brackets": null,

	"editor.language.colorizedBracketPairs": null,

	"editor.largeFileOptimizations": true,

	"editor.letterSpacing": 0,

	"editor.lightbulb.enabled": true,

	"editor.lineHeight": 0,

	"editor.lineNumbers": "on",

	"editor.linkedEditing": false,

	"editor.links": true,

	"editor.matchBrackets": "always",

	"editor.maxTokenizationLineLength": 20000,

	"editor.minimap.autohide": false,

	"editor.minimap.enabled": true,

	"editor.minimap.maxColumn": 120,

	"editor.minimap.renderCharacters": true,

	"editor.minimap.scale": 1,

	"editor.minimap.showSlider": "mouseover",

	"editor.minimap.side": "right",

	"editor.minimap.size": "proportional",

	"editor.mouseWheelScrollSensitivity": 1,

	"editor.mouseWheelZoom": false,

	"editor.multiCursorLimit": 10000,

	"editor.multiCursorMergeOverlapping": true,

	"editor.multiCursorModifier": "alt",

	"editor.multiCursorPaste": "spread",

	"editor.occurrencesHighlight": true,

	"editor.overviewRulerBorder": true,

	"editor.padding.bottom": 0,

	"editor.padding.top": 0,

	"editor.parameterHints.cycle": false,

	"editor.parameterHints.enabled": true,

	"editor.peekWidgetDefaultFocus": "tree",

	"editor.quickSuggestions": {
		"other": "on",
		"comments": "off",
		"strings": "off"
	},

	"editor.quickSuggestionsDelay": 10,

	"editor.rename.enablePreview": true,

	"editor.renameOnType": false,

	"editor.renderControlCharacters": true,

	"editor.renderFinalNewline": true,

	"editor.renderLineHighlight": "line",

	"editor.renderLineHighlightOnlyWhenFocus": false,

	"editor.renderWhitespace": "selection",

	"editor.roundedSelection": true,

	"editor.rulers": [],

	"editor.scrollbar.horizontal": "auto",

	"editor.scrollbar.horizontalScrollbarSize": 12,

	"editor.scrollbar.scrollByPage": false,

	"editor.scrollbar.vertical": "auto",

	"editor.scrollbar.verticalScrollbarSize": 14,

	"editor.scrollBeyondLastColumn": 4,

	"editor.scrollBeyondLastLine": true,

	"editor.scrollPredominantAxis": true,

	"editor.selectionHighlight": true,

	"editor.semanticHighlighting.enabled": "configuredByTheme",

	"editor.semanticTokenColorCustomizations": {},

	"editor.showDeprecated": true,

	"editor.showFoldingControls": "mouseover",

	"editor.showUnused": true,

	"editor.smartSelect.selectLeadingAndTrailingWhitespace": true,

	"editor.smoothScrolling": false,

	"editor.snippets.codeActions.enabled": true,

	"editor.snippetSuggestions": "inline",

	"editor.stablePeek": false,

	"editor.stickyScroll.enabled": false,

	"editor.stickyScroll.maxLineCount": 5,

	"editor.stickyTabStops": false,

	"editor.suggest.filteredTypes": {},

	"editor.suggest.filterGraceful": true,

	"editor.suggest.insertMode": "insert",

	"editor.suggest.localityBonus": false,

	"editor.suggest.matchOnWordStartOnly": true,

	"editor.suggest.maxVisibleSuggestions": 0,

	"editor.suggest.preview": false,

	"editor.suggest.shareSuggestSelections": false,

	"editor.suggest.showClasses": true,

	"editor.suggest.showColors": true,

	"editor.suggest.showConstants": true,

	"editor.suggest.showConstructors": true,

	"editor.suggest.showCustomcolors": true,

	"editor.suggest.showDeprecated": true,

	"editor.suggest.showEnumMembers": true,

	"editor.suggest.showEnums": true,

	"editor.suggest.showEvents": true,

	"editor.suggest.showFields": true,

	"editor.suggest.showFiles": true,

	"editor.suggest.showFolders": true,

	"editor.suggest.showFunctions": true,

	"editor.suggest.showIcons": true,

	"editor.suggest.showInlineDetails": true,

	"editor.suggest.showInterfaces": true,

	"editor.suggest.showIssues": true,

	"editor.suggest.showKeywords": true,

	"editor.suggest.showMethods": true,

	"editor.suggest.showModules": true,

	"editor.suggest.showOperators": true,

	"editor.suggest.showProperties": true,

	"editor.suggest.showReferences": true,

	"editor.suggest.showSnippets": true,

	"editor.suggest.showStatusBar": false,

	"editor.suggest.showStructs": true,

	"editor.suggest.showTypeParameters": true,

	"editor.suggest.showUnits": true,

	"editor.suggest.showUsers": true,

	"editor.suggest.showValues": true,

	"editor.suggest.showVariables": true,

	"editor.suggest.showWords": true,

	"editor.suggest.snippetsPreventQuickSuggestions": true,

	"editor.suggestFontSize": 0,

	"editor.suggestLineHeight": 0,

	"editor.suggestOnTriggerCharacters": true,

	"editor.suggestSelection": "first",

	"editor.tabCompletion": "off",

	"editor.tabSize": 4,

	"editor.tokenColorCustomizations": {},

	"editor.trimAutoWhitespace": true,

	"editor.unfoldOnClickAfterEndOfLine": false,

	"editor.unicodeHighlight.allowedCharacters": {},

	"editor.unicodeHighlight.allowedLocales": {
		"_os": true,
		"_vscode": true
	},

	"editor.unicodeHighlight.ambiguousCharacters": true,

	"editor.unicodeHighlight.includeComments": "inUntrustedWorkspace",

	"editor.unicodeHighlight.includeStrings": true,

	"editor.unicodeHighlight.invisibleCharacters": true,

	"editor.unicodeHighlight.nonBasicASCII": "inUntrustedWorkspace",

	"editor.unusualLineTerminators": "prompt",

	"editor.useTabStops": true,

	"editor.wordBasedSuggestions": true,

	"editor.wordBasedSuggestionsMode": "matchingDocuments",

	"editor.wordBreak": "normal",

	"editor.wordSeparators": "`~!@#$%^&*()-=+[{]}\\|;:'\",.<>/?",

	"editor.wordWrap": "off",

	"editor.wordWrapColumn": 80,

	"editor.wrappingIndent": "same",

	"editor.wrappingStrategy": "simple",

	"security.workspace.trust.banner": "untilDismissed",

	"security.workspace.trust.emptyWindow": true,

	"security.workspace.trust.enabled": true,

	"security.workspace.trust.startupPrompt": "once",

	"security.workspace.trust.untrustedFiles": "prompt",

	"workbench.activityBar.iconClickBehavior": "toggle",

	"workbench.activityBar.visible": true,

	"workbench.cloudChanges.autoResume": "onReload",

	"workbench.cloudChanges.continueOn": "prompt",

	"workbench.colorCustomizations": {},

	"workbench.colorTheme": "Default Dark+",

	"workbench.commandPalette.history": 50,

	"workbench.commandPalette.preserveInput": false,

	"workbench.editor.autoLockGroups": {
		"default": false,
		"workbench.editorinputs.searchEditorInput": false,
		"terminalEditor": true,
		"jupyter-notebook": false,
		"imagePreview.previewEditor": false,
		"vscode.audioPreview": false,
		"vscode.videoPreview": false,
		"jsProfileVisualizer.cpuprofile.table": false,
		"jsProfileVisualizer.heapprofile.table": false,
		"workbench.input.interactive": false,
		"mainThreadWebview-markdown.preview": false
	},

	"workbench.editor.centeredLayoutAutoResize": true,

	"workbench.editor.closeEmptyGroups": true,

	"workbench.editor.closeOnFileDelete": false,

	"workbench.editor.decorations.badges": true,

	"workbench.editor.decorations.colors": true,

	"workbench.editor.defaultBinaryEditor": "",

	"workbench.editor.enablePreview": true,

	"workbench.editor.enablePreviewFromCodeNavigation": false,

	"workbench.editor.enablePreviewFromQuickOpen": false,

	"workbench.editor.focusRecentEditorAfterClose": true,

	"workbench.editor.highlightModifiedTabs": false,

	"workbench.editor.historyBasedLanguageDetection": true,

	"workbench.editor.labelFormat": "default",

	"workbench.editor.languageDetection": true,

	"workbench.editor.languageDetectionHints": {
		"untitledEditors": true,
		"notebookEditors": true
	},

	"workbench.editor.limit.enabled": false,

	"workbench.editor.limit.excludeDirty": false,

	"workbench.editor.limit.perEditorGroup": false,

	"workbench.editor.limit.value": 10,

	"workbench.editor.mouseBackForwardToNavigate": true,

	"workbench.editor.navigationScope": "default",

	"workbench.editor.openPositioning": "right",

	"workbench.editor.openSideBySideDirection": "right",

	"workbench.editor.pinnedTabSizing": "normal",

	"workbench.editor.preferHistoryBasedLanguageDetection": true,

	"workbench.editor.restoreViewState": true,

	"workbench.editor.revealIfOpen": false,

	"workbench.editor.scrollToSwitchTabs": false,

	"workbench.editor.sharedViewState": false,

	"workbench.editor.showIcons": true,

	"workbench.editor.showTabs": true,

	"workbench.editor.splitInGroupLayout": "horizontal",

	"workbench.editor.splitOnDragAndDrop": true,

	"workbench.editor.splitSizing": "distribute",

	"workbench.editor.tabCloseButton": "right",

	"workbench.editor.tabSizing": "fit",

	"workbench.editor.titleScrollbarSizing": "default",

	"workbench.editor.untitled.hint": "text",

	"workbench.editor.untitled.labelFormat": "content",

	"workbench.editor.wrapTabs": false,

	"workbench.editorAssociations": {},

	"workbench.editSessions.autoResume": null,

	"workbench.editSessions.continueOn": null,

	"workbench.enableExperiments": true,

	"workbench.experimental.cloudChanges.autoStore": "off",

	"workbench.experimental.cloudChanges.partialMatches.enabled": false,

	"workbench.experimental.editSessions.autoStore": null,

	"workbench.experimental.editSessions.partialMatches.enabled": null,

	"workbench.experimental.settingsProfiles.enabled": false,

	"workbench.externalUriOpeners": {},

	"workbench.hover.delay": 500,

	"workbench.iconTheme": "vs-seti",

	"workbench.layoutControl.enabled": true,

	"workbench.layoutControl.type": "both",

	"workbench.list.defaultFindMode": "highlight",

	"workbench.list.fastScrollSensitivity": 5,

	"workbench.list.horizontalScrolling": false,

	"workbench.list.keyboardNavigation": "highlight",

	"workbench.list.mouseWheelScrollSensitivity": 1,

	"workbench.list.multiSelectModifier": "ctrlCmd",

	"workbench.list.openMode": "singleClick",

	"workbench.list.smoothScrolling": false,

	"workbench.localHistory.enabled": true,

	"workbench.localHistory.exclude": {},

	"workbench.localHistory.maxFileEntries": 50,

	"workbench.localHistory.maxFileSize": 256,

	"workbench.localHistory.mergeWindow": 10,

	"workbench.panel.defaultLocation": "bottom",

	"workbench.panel.opensMaximized": "preserve",

	"workbench.preferredDarkColorTheme": "Default Dark+",

	"workbench.preferredHighContrastColorTheme": "Default High Contrast",

	"workbench.preferredHighContrastLightColorTheme": "Default High Contrast Light",

	"workbench.preferredLightColorTheme": "Default Light+",

	"workbench.productIconTheme": "Default",

	"workbench.quickOpen.closeOnFocusLost": true,

	"workbench.quickOpen.preserveInput": false,

	"workbench.reduceMotion": "auto",

	"workbench.sash.hoverDelay": 300,

	"workbench.sash.size": 4,

	"workbench.settings.editor": "ui",

	"workbench.settings.enableNaturalLanguageSearch": true,

	"workbench.settings.openDefaultKeybindings": false,

	"workbench.settings.openDefaultSettings": false,

	"workbench.settings.settingsSearchTocBehavior": "filter",

	"workbench.settings.useSplitJSON": false,

	"workbench.sideBar.location": "left",

	"workbench.startupEditor": "welcomePage",

	"workbench.statusBar.visible": true,

	"workbench.tips.enabled": true,

	"workbench.tree.expandMode": "singleClick",

	"workbench.tree.indent": 8,

	"workbench.tree.renderIndentGuides": "onHover",

	"workbench.trustedDomains.promptInTrustedWorkspace": false,

	"workbench.view.alwaysShowHeaderActions": false,

	"workbench.welcomePage.experimental.videoTutorials": "off",

	"workbench.welcomePage.preferReducedMotion": false,

	"workbench.welcomePage.walkthroughs.openOnInstall": true,

	"window.autoDetectColorScheme": false,

	"window.autoDetectHighContrast": true,

	"window.closeWhenEmpty": false,

	"window.commandCenter": false,

	"window.confirmBeforeClose": "never",

	"window.customMenuBarAltFocus": true,

	"window.dialogStyle": "native",

	"window.doubleClickIconToClose": false,

	"window.enableMenuBarMnemonics": true,

	"window.experimental.useSandbox": false,

	"window.experimental.windowControlsOverlay.enabled": true,

	"window.menuBarVisibility": "classic",

	"window.newWindowDimensions": "default",

	"window.openFilesInNewWindow": "off",

	"window.openFoldersInNewWindow": "default",

	"window.openWithoutArgumentsInNewWindow": "on",

	"window.restoreFullscreen": false,

	"window.restoreWindows": "all",

	"window.title": "${dirty}${activeEditorShort}${separator}${rootName}${separator}${appName}",

	"window.titleBarStyle": "custom",

	"window.titleSeparator": " - ",

	"window.zoomLevel": 0,

	"zenMode.centerLayout": true,

	"zenMode.fullScreen": true,

	"zenMode.hideActivityBar": true,

	"zenMode.hideLineNumbers": true,

	"zenMode.hideStatusBar": true,

	"zenMode.hideTabs": true,

	"zenMode.restore": true,

	"zenMode.silentNotifications": true,

	"screencastMode.fontSize": 56,

	"screencastMode.keyboardOverlayTimeout": 800,

	"screencastMode.keyboardShortcutsFormat": "commandAndKeys",

	"screencastMode.mouseIndicatorColor": "#FF0000",

	"screencastMode.mouseIndicatorSize": 20,

	"screencastMode.onlyKeyboardShortcuts": false,

	"screencastMode.verticalOffset": 20,

	"files.associations": {},

	"files.autoGuessEncoding": false,

	"files.autoSave": "off",

	"files.autoSaveDelay": 1000,

	"files.defaultLanguage": "",

	"files.enableTrash": true,

	"files.encoding": "utf8",

	"files.eol": "auto",

	"files.exclude": {
		"**/.git": true,
		"**/.svn": true,
		"**/.hg": true,
		"**/CVS": true,
		"**/.DS_Store": true,
		"**/Thumbs.db": true
	},

	"files.hotExit": "onExit",

	"files.insertFinalNewline": false,

	"files.maxMemoryForLargeFilesMB": 4096,

	"files.participants.timeout": 60000,

	"files.refactoring.autoSave": true,

	"files.restoreUndoStack": true,

	"files.saveConflictResolution": "askUser",

	"files.simpleDialog.enable": false,

	"files.trimFinalNewlines": false,

	"files.trimTrailingWhitespace": false,

	"files.watcherExclude": {
		"**/.git/objects/**": true,
		"**/.git/subtree-cache/**": true,
		"**/node_modules/*/**": true,
		"**/.hg/store/**": true
	},

	"files.watcherInclude": [],

	"explorer.autoReveal": true,

	"explorer.autoRevealExclude": {
		"**/node_modules": true,
		"**/bower_components": true
	},

	"explorer.compactFolders": true,

	"explorer.confirmDelete": true,

	"explorer.confirmDragAndDrop": true,

	"explorer.confirmUndo": "default",

	"explorer.copyRelativePathSeparator": "auto",

	"explorer.decorations.badges": true,

	"explorer.decorations.colors": true,

	"explorer.enableDragAndDrop": true,

	"explorer.enableUndo": true,

	"explorer.excludeGitIgnore": false,

	"explorer.expandSingleFolderWorkspaces": true,

	"explorer.fileNesting.enabled": false,

	"explorer.fileNesting.expand": true,

	"explorer.fileNesting.patterns": {
		"*.ts": "${capture}.js",
		"*.js": "${capture}.js.map, ${capture}.min.js, ${capture}.d.ts",
		"*.jsx": "${capture}.js",
		"*.tsx": "${capture}.ts",
		"tsconfig.json": "tsconfig.*.json",
		"package.json": "package-lock.json, yarn.lock, pnpm-lock.yaml"
	},

	"explorer.incrementalNaming": "simple",

	"explorer.openEditors.minVisible": 0,

	"explorer.openEditors.sortOrder": "editorOrder",

	"explorer.openEditors.visible": 9,

	"explorer.sortOrder": "default",

	"explorer.sortOrderLexicographicOptions": "default",

	"search.actionsPosition": "right",

	"search.collapseResults": "alwaysExpand",

	"search.decorations.badges": true,

	"search.decorations.colors": true,

	"search.defaultViewMode": "list",

	"search.exclude": {
		"**/node_modules": true,
		"**/bower_components": true,
		"**/*.code-search": true
	},

	"search.followSymlinks": true,

	"search.location": "sidebar",

	"search.maintainFileSearchCache": false,

	"search.maxResults": 20000,

	"search.mode": "view",

	"search.quickOpen.history.filterSortOrder": "default",

	"search.quickOpen.includeHistory": true,

	"search.quickOpen.includeSymbols": false,

	"search.searchEditor.defaultNumberOfContextLines": 1,

	"search.searchEditor.doubleClickBehaviour": "goToLocation",

	"search.searchEditor.reusePriorSearchConfiguration": false,

	"search.searchOnType": true,

	"search.searchOnTypeDebouncePeriod": 300,

	"search.seedOnFocus": false,

	"search.seedWithNearestWord": false,

	"search.showLineNumbers": false,

	"search.smartCase": false,

	"search.sortOrder": "default",

	"search.useGlobalIgnoreFiles": false,

	"search.useIgnoreFiles": true,

	"search.useParentIgnoreFiles": false,

	"search.usePCRE2": false,

	"search.useReplacePreview": true,

	"search.useRipgrep": true,

	"http.proxy": "",

	"http.proxyAuthorization": null,

	"http.proxyStrictSSL": true,

	"http.proxySupport": "override",

	"http.systemCertificates": true,

	"update.channel": "default",

	"update.enableWindowsBackgroundUpdates": true,

	"update.mode": "default",

	"update.showReleaseNotes": true,

	"html.autoClosingTags": true,

	"html.autoCreateQuotes": true,

	"html.completion.attributeDefaultValue": "doublequotes",

	"html.customData": [],

	"html.format.contentUnformatted": "pre,code,textarea",

	"html.format.enable": true,

	"html.format.extraLiners": "head, body, /html",

	"html.format.indentHandlebars": false,

	"html.format.indentInnerHtml": false,

	"html.format.maxPreserveNewLines": null,

	"html.format.preserveNewLines": true,

	"html.format.templating": false,

	"html.format.unformatted": "wbr",

	"html.format.unformattedContentDelimiter": "",

	"html.format.wrapAttributes": "auto",

	"html.format.wrapAttributesIndentSize": null,

	"html.format.wrapLineLength": 120,

	"html.hover.documentation": true,

	"html.hover.references": true,

	"html.mirrorCursorOnMatchingTag": false,

	"html.suggest.html5": true,

	"html.trace.server": "off",

	"html.validate.scripts": true,

	"html.validate.styles": true,

	"json.colorDecorators.enable": true,

	"json.format.enable": true,

	"json.format.keepLines": false,

	"json.maxItemsComputed": 5000,

	"json.schemaDownload.enable": true,

	"json.schemas": [],

	"json.trace.server": "off",

	"json.validate.enable": true,

	"markdown.editor.drop.enabled": true,

	"markdown.experimental.editor.pasteLinks.enabled": true,

	"markdown.links.openLocation": "currentGroup",

	"markdown.occurrencesHighlight.enabled": false,

	"markdown.preview.breaks": false,

	"markdown.preview.doubleClickToSwitchToEditor": true,

	"markdown.preview.fontFamily": "-apple-system, BlinkMacSystemFont, 'Segoe WPC', 'Segoe UI', system-ui, 'Ubuntu', 'Droid Sans', sans-serif",

	"markdown.preview.fontSize": 14,

	"markdown.preview.lineHeight": 1.6,

	"markdown.preview.linkify": true,

	"markdown.preview.markEditorSelection": true,

	"markdown.preview.openMarkdownLinks": "inPreview",

	"markdown.preview.scrollEditorWithPreview": true,

	"markdown.preview.scrollPreviewWithEditor": true,

	"markdown.preview.typographer": false,

	"markdown.styles": [],

	"markdown.suggest.paths.enabled": true,

	"markdown.trace.extension": "off",

	"markdown.trace.server": "off",

	"markdown.updateLinksOnFileMove.enabled": "never",

	"markdown.updateLinksOnFileMove.enableForDirectories": true,

	"markdown.updateLinksOnFileMove.include": [
		"**/*.{md,mkd,mdwn,mdown,markdown,markdn,mdtxt,mdtext,workbook}",
		"**/*.{jpg,jpe,jpeg,png,bmp,gif,ico,webp,avif,tiff,svg,mp4}"
	],

	"markdown.validate.duplicateLinkDefinitions.enabled": "warning",

	"markdown.validate.enabled": false,

	"markdown.validate.fileLinks.enabled": "warning",

	"markdown.validate.fileLinks.markdownFragmentLinks": "inherit",

	"markdown.validate.fragmentLinks.enabled": "warning",

	"markdown.validate.ignoredLinks": [],

	"markdown.validate.referenceLinks.enabled": "warning",

	"markdown.validate.unusedLinkDefinitions.enabled": "hint",

	"php.suggest.basic": true,

	"php.validate.enable": true,

	"php.validate.executablePath": null,

	"php.validate.run": "onSave",

	"javascript.autoClosingTags": true,

	"javascript.format.enable": true,

	"javascript.format.insertSpaceAfterCommaDelimiter": true,

	"javascript.format.insertSpaceAfterConstructor": false,

	"javascript.format.insertSpaceAfterFunctionKeywordForAnonymousFunctions": true,

	"javascript.format.insertSpaceAfterKeywordsInControlFlowStatements": true,

	"javascript.format.insertSpaceAfterOpeningAndBeforeClosingEmptyBraces": true,

	"javascript.format.insertSpaceAfterOpeningAndBeforeClosingJsxExpressionBraces": false,

	"javascript.format.insertSpaceAfterOpeningAndBeforeClosingNonemptyBraces": true,

	"javascript.format.insertSpaceAfterOpeningAndBeforeClosingNonemptyBrackets": false,

	"javascript.format.insertSpaceAfterOpeningAndBeforeClosingNonemptyParenthesis": false,

	"javascript.format.insertSpaceAfterOpeningAndBeforeClosingTemplateStringBraces": false,

	"javascript.format.insertSpaceAfterSemicolonInForStatements": true,

	"javascript.format.insertSpaceBeforeAndAfterBinaryOperators": true,

	"javascript.format.insertSpaceBeforeFunctionParenthesis": false,

	"javascript.format.placeOpenBraceOnNewLineForControlBlocks": false,

	"javascript.format.placeOpenBraceOnNewLineForFunctions": false,

	"javascript.format.semicolons": "ignore",

	"javascript.implicitProjectConfig.checkJs": false,

	"javascript.implicitProjectConfig.experimentalDecorators": false,

	"javascript.inlayHints.enumMemberValues.enabled": false,

	"javascript.inlayHints.functionLikeReturnTypes.enabled": false,

	"javascript.inlayHints.parameterNames.enabled": "none",

	"javascript.inlayHints.parameterNames.suppressWhenArgumentMatchesName": true,

	"javascript.inlayHints.parameterTypes.enabled": false,

	"javascript.inlayHints.propertyDeclarationTypes.enabled": false,

	"javascript.inlayHints.variableTypes.enabled": false,

	"javascript.inlayHints.variableTypes.suppressWhenTypeMatchesName": true,

	"javascript.preferences.autoImportFileExcludePatterns": [],

	"javascript.preferences.importModuleSpecifier": "shortest",

	"javascript.preferences.importModuleSpecifierEnding": "auto",

	"javascript.preferences.jsxAttributeCompletionStyle": "auto",

	"javascript.preferences.quoteStyle": "auto",

	"javascript.preferences.renameShorthandProperties": true,

	"javascript.preferences.useAliasesForRenames": true,

	"javascript.referencesCodeLens.enabled": false,

	"javascript.referencesCodeLens.showOnAllFunctions": false,

	"javascript.suggest.autoImports": true,

	"javascript.suggest.classMemberSnippets.enabled": true,

	"javascript.suggest.completeFunctionCalls": false,

	"javascript.suggest.completeJSDocs": true,

	"javascript.suggest.enabled": true,

	"javascript.suggest.includeAutomaticOptionalChainCompletions": true,

	"javascript.suggest.includeCompletionsForImportStatements": true,

	"javascript.suggest.jsdoc.generateReturns": true,

	"javascript.suggest.names": true,

	"javascript.suggest.paths": true,

	"javascript.suggestionActions.enabled": true,

	"javascript.updateImportsOnFileMove.enabled": "prompt",

	"javascript.validate.enable": true,

	"js/ts.implicitProjectConfig.checkJs": false,

	"js/ts.implicitProjectConfig.experimentalDecorators": false,

	"js/ts.implicitProjectConfig.module": "ESNext",

	"js/ts.implicitProjectConfig.strictFunctionTypes": true,

	"js/ts.implicitProjectConfig.strictNullChecks": true,

	"js/ts.implicitProjectConfig.target": "ES2020",

	"typescript.autoClosingTags": true,

	"typescript.check.npmIsInstalled": true,

	"typescript.disableAutomaticTypeAcquisition": false,

	"typescript.enablePromptUseWorkspaceTsdk": false,

	"typescript.format.enable": true,

	"typescript.format.insertSpaceAfterCommaDelimiter": true,

	"typescript.format.insertSpaceAfterConstructor": false,

	"typescript.format.insertSpaceAfterFunctionKeywordForAnonymousFunctions": true,

	"typescript.format.insertSpaceAfterKeywordsInControlFlowStatements": true,

	"typescript.format.insertSpaceAfterOpeningAndBeforeClosingEmptyBraces": true,

	"typescript.format.insertSpaceAfterOpeningAndBeforeClosingJsxExpressionBraces": false,

	"typescript.format.insertSpaceAfterOpeningAndBeforeClosingNonemptyBraces": true,

	"typescript.format.insertSpaceAfterOpeningAndBeforeClosingNonemptyBrackets": false,

	"typescript.format.insertSpaceAfterOpeningAndBeforeClosingNonemptyParenthesis": false,

	"typescript.format.insertSpaceAfterOpeningAndBeforeClosingTemplateStringBraces": false,

	"typescript.format.insertSpaceAfterSemicolonInForStatements": true,

	"typescript.format.insertSpaceAfterTypeAssertion": false,

	"typescript.format.insertSpaceBeforeAndAfterBinaryOperators": true,

	"typescript.format.insertSpaceBeforeFunctionParenthesis": false,

	"typescript.format.placeOpenBraceOnNewLineForControlBlocks": false,

	"typescript.format.placeOpenBraceOnNewLineForFunctions": false,

	"typescript.format.semicolons": "ignore",

	"typescript.implementationsCodeLens.enabled": false,

	"typescript.inlayHints.enumMemberValues.enabled": false,

	"typescript.inlayHints.functionLikeReturnTypes.enabled": false,

	"typescript.inlayHints.parameterNames.enabled": "none",

	"typescript.inlayHints.parameterNames.suppressWhenArgumentMatchesName": true,

	"typescript.inlayHints.parameterTypes.enabled": false,

	"typescript.inlayHints.propertyDeclarationTypes.enabled": false,

	"typescript.inlayHints.variableTypes.enabled": false,

	"typescript.inlayHints.variableTypes.suppressWhenTypeMatchesName": true,

	"typescript.locale": "auto",

	"typescript.npm": "",

	"typescript.preferences.autoImportFileExcludePatterns": [],

	"typescript.preferences.importModuleSpecifier": "shortest",

	"typescript.preferences.importModuleSpecifierEnding": "auto",

	"typescript.preferences.includePackageJsonAutoImports": "auto",

	"typescript.preferences.jsxAttributeCompletionStyle": "auto",

	"typescript.preferences.quoteStyle": "auto",

	"typescript.preferences.renameShorthandProperties": true,

	"typescript.preferences.useAliasesForRenames": true,

	"typescript.referencesCodeLens.enabled": false,

	"typescript.referencesCodeLens.showOnAllFunctions": false,

	"typescript.reportStyleChecksAsWarnings": true,

	"typescript.suggest.autoImports": true,

	"typescript.suggest.classMemberSnippets.enabled": true,

	"typescript.suggest.completeFunctionCalls": false,

	"typescript.suggest.completeJSDocs": true,

	"typescript.suggest.enabled": true,

	"typescript.suggest.includeAutomaticOptionalChainCompletions": true,

	"typescript.suggest.includeCompletionsForImportStatements": true,

	"typescript.suggest.includeCompletionsWithSnippetText": true,

	"typescript.suggest.jsdoc.generateReturns": true,

	"typescript.suggest.objectLiteralMethodSnippets.enabled": true,

	"typescript.suggest.paths": true,

	"typescript.suggestionActions.enabled": true,

	"typescript.surveys.enabled": true,

	"typescript.tsc.autoDetect": "on",

	"typescript.tsdk": "",

	"typescript.tsserver.enableTracing": false,

	"typescript.tsserver.experimental.enableProjectDiagnostics": false,

	"typescript.tsserver.log": "off",

	"typescript.tsserver.maxTsServerMemory": 3072,

	"typescript.tsserver.pluginPaths": [],

	"typescript.tsserver.trace": "off",

	"typescript.tsserver.useSeparateSyntaxServer": true,

	"typescript.tsserver.useSyntaxServer": "auto",

	"typescript.tsserver.watchOptions": {},

	"typescript.updateImportsOnFileMove.enabled": "prompt",

	"typescript.validate.enable": true,

	"typescript.workspaceSymbols.scope": "allOpenProjects",

	"debug.allowBreakpointsEverywhere": false,

	"debug.autoExpandLazyVariables": false,

	"debug.confirmOnExit": "never",

	"debug.console.acceptSuggestionOnEnter": "off",

	"debug.console.closeOnEnd": false,

	"debug.console.collapseIdenticalLines": true,

	"debug.console.fontFamily": "default",

	"debug.console.fontSize": 14,

	"debug.console.historySuggestions": true,

	"debug.console.lineHeight": 0,

	"debug.console.wordWrap": true,

	"debug.disassemblyView.showSourceCode": true,

	"debug.focusEditorOnBreak": true,

	"debug.focusWindowOnBreak": true,

	"debug.inlineValues": "auto",

	"debug.internalConsoleOptions": "openOnFirstSessionStart",

	"debug.onTaskErrors": "prompt",

	"debug.openDebug": "openOnDebugBreak",

	"debug.openExplorerOnEnd": false,

	"debug.saveBeforeStart": "allEditorsInActiveGroup",

	"debug.showBreakpointsInOverviewRuler": false,

	"debug.showInlineBreakpointCandidates": true,

	"debug.showInStatusBar": "onFirstSessionStart",

	"debug.showSubSessionsInToolBar": false,

	"debug.terminal.clearBeforeReusing": false,

	"debug.toolBarLocation": "floating",

	"launch": {
		"configurations": [],
		"compounds": []
	},

	"comments.openPanel": "openOnSessionStartWithComments",

	"comments.openView": "firstFile",

	"comments.useRelativeTime": true,

	"comments.visible": true,

	"testing.alwaysRevealTestOnStateChange": false,

	"testing.automaticallyOpenPeekView": "failureInVisibleDocument",

	"testing.automaticallyOpenPeekViewDuringAutoRun": false,

	"testing.autoRun.delay": 1000,

	"testing.autoRun.mode": "all",

	"testing.defaultGutterClickAction": "run",

	"testing.followRunningTest": true,

	"testing.gutterEnabled": true,

	"testing.openTesting": "openOnTestStart",

	"testing.saveBeforeTest": true,

	"css.completion.completePropertyWithSemicolon": true,

	"css.completion.triggerPropertyValueCompletion": true,

	"css.customData": [],

	"css.format.braceStyle": "collapse",

	"css.format.enable": true,

	"css.format.maxPreserveNewLines": null,

	"css.format.newlineBetweenRules": true,

	"css.format.newlineBetweenSelectors": true,

	"css.format.preserveNewLines": true,

	"css.format.spaceAroundSelectorSeparator": false,

	"css.hover.documentation": true,

	"css.hover.references": true,

	"css.lint.argumentsInColorFunction": "error",

	"css.lint.boxModel": "ignore",

	"css.lint.compatibleVendorPrefixes": "ignore",

	"css.lint.duplicateProperties": "ignore",

	"css.lint.emptyRules": "warning",

	"css.lint.float": "ignore",

	"css.lint.fontFaceProperties": "warning",

	"css.lint.hexColorLength": "error",

	"css.lint.idSelector": "ignore",

	"css.lint.ieHack": "ignore",

	"css.lint.important": "ignore",

	"css.lint.importStatement": "ignore",

	"css.lint.propertyIgnoredDueToDisplay": "warning",

	"css.lint.universalSelector": "ignore",

	"css.lint.unknownAtRules": "warning",

	"css.lint.unknownProperties": "warning",

	"css.lint.unknownVendorSpecificProperties": "ignore",

	"css.lint.validProperties": [],

	"css.lint.vendorPrefix": "warning",

	"css.lint.zeroUnits": "ignore",

	"css.trace.server": "off",

	"css.validate": true,

	"less.completion.completePropertyWithSemicolon": true,

	"less.completion.triggerPropertyValueCompletion": true,

	"less.format.braceStyle": "collapse",

	"less.format.enable": true,

	"less.format.maxPreserveNewLines": null,

	"less.format.newlineBetweenRules": true,

	"less.format.newlineBetweenSelectors": true,

	"less.format.preserveNewLines": true,

	"less.format.spaceAroundSelectorSeparator": false,

	"less.hover.documentation": true,

	"less.hover.references": true,

	"less.lint.argumentsInColorFunction": "error",

	"less.lint.boxModel": "ignore",

	"less.lint.compatibleVendorPrefixes": "ignore",

	"less.lint.duplicateProperties": "ignore",

	"less.lint.emptyRules": "warning",

	"less.lint.float": "ignore",

	"less.lint.fontFaceProperties": "warning",

	"less.lint.hexColorLength": "error",

	"less.lint.idSelector": "ignore",

	"less.lint.ieHack": "ignore",

	"less.lint.important": "ignore",

	"less.lint.importStatement": "ignore",

	"less.lint.propertyIgnoredDueToDisplay": "warning",

	"less.lint.universalSelector": "ignore",

	"less.lint.unknownAtRules": "warning",

	"less.lint.unknownProperties": "warning",

	"less.lint.unknownVendorSpecificProperties": "ignore",

	"less.lint.validProperties": [],

	"less.lint.vendorPrefix": "warning",

	"less.lint.zeroUnits": "ignore",

	"less.validate": true,

	"scss.completion.completePropertyWithSemicolon": true,

	"scss.completion.triggerPropertyValueCompletion": true,

	"scss.format.braceStyle": "collapse",

	"scss.format.enable": true,

	"scss.format.maxPreserveNewLines": null,

	"scss.format.newlineBetweenRules": true,

	"scss.format.newlineBetweenSelectors": true,

	"scss.format.preserveNewLines": true,

	"scss.format.spaceAroundSelectorSeparator": false,

	"scss.hover.documentation": true,

	"scss.hover.references": true,

	"scss.lint.argumentsInColorFunction": "error",

	"scss.lint.boxModel": "ignore",

	"scss.lint.compatibleVendorPrefixes": "ignore",

	"scss.lint.duplicateProperties": "ignore",

	"scss.lint.emptyRules": "warning",

	"scss.lint.float": "ignore",

	"scss.lint.fontFaceProperties": "warning",

	"scss.lint.hexColorLength": "error",

	"scss.lint.idSelector": "ignore",

	"scss.lint.ieHack": "ignore",

	"scss.lint.important": "ignore",

	"scss.lint.importStatement": "ignore",

	"scss.lint.propertyIgnoredDueToDisplay": "warning",

	"scss.lint.universalSelector": "ignore",

	"scss.lint.unknownAtRules": "warning",

	"scss.lint.unknownProperties": "warning",

	"scss.lint.unknownVendorSpecificProperties": "ignore",

	"scss.lint.validProperties": [],

	"scss.lint.vendorPrefix": "warning",

	"scss.lint.zeroUnits": "ignore",

	"scss.validate": true,

	"settingsSync.ignoredExtensions": [],

	"settingsSync.ignoredSettings": [],

	"settingsSync.keybindingsPerPlatform": true,

	"output.smartScroll.enabled": true,

	"extensions.autoCheckUpdates": true,

	"extensions.autoUpdate": true,

	"extensions.closeExtensionDetailsOnViewChange": false,

	"extensions.confirmedUriHandlerExtensionIds": [],

	"extensions.experimental.affinity": {},

	"extensions.experimental.useUtilityProcess": false,

	"extensions.ignoreRecommendations": false,

	"extensions.showRecommendationsOnlyOnDemand": false,

	"extensions.supportUntrustedWorkspaces": {},

	"extensions.supportVirtualWorkspaces": {},

	"extensions.webWorker": "auto",

	"interactiveWindow.collapseCellInputCode": "fromEditor",

	"notebook.breadcrumbs.showCodeCells": true,

	"notebook.cellFocusIndicator": "gutter",

	"notebook.cellToolbarLocation": {
		"default": "right"
	},

	"notebook.cellToolbarVisibility": "click",

	"notebook.compactView": true,

	"notebook.consolidatedOutputButton": true,

	"notebook.consolidatedRunButton": false,

	"notebook.diff.enablePreview": true,

	"notebook.diff.ignoreMetadata": false,

	"notebook.diff.ignoreOutputs": false,

	"notebook.displayOrder": [],

	"notebook.dragAndDropEnabled": true,

	"notebook.editorOptionsCustomizations": {},

	"notebook.globalToolbar": true,

	"notebook.globalToolbarShowLabel": "always",

	"notebook.insertToolbarLocation": "both",

	"notebook.kernelPicker.type": "all",

	"notebook.lineNumbers": "off",

	"notebook.markup.fontSize": 0,

	"notebook.navigation.allowNavigateToSurroundingCells": true,

	"notebook.outline.showCodeCells": false,

	"notebook.output.textLineLimit": 30,

	"notebook.outputFontFamily": "",

	"notebook.outputFontSize": 0,

	"notebook.outputLineHeight": 22,

	"notebook.showCellStatusBar": "visible",

	"notebook.showFoldingControls": "mouseover",

	"notebook.undoRedoPerCell": true,

	"application.experimental.rendererProfiling": false,

	"interactiveWindow.alwaysScrollOnNewCell": true,

	"interactiveWindow.restore": false,

	"terminal.explorerKind": "integrated",

	"terminal.external.linuxExec": "xterm",

	"terminal.external.osxExec": "Terminal.app",

	"terminal.external.windowsExec": "C:\\Windows\\System32\\cmd.exe",

	"task.allowAutomaticTasks": "on",

	"task.autoDetect": "on",

	"task.problemMatchers.neverPrompt": false,

	"task.quickOpen.detail": true,

	"task.quickOpen.history": 30,

	"task.quickOpen.showAll": false,

	"task.quickOpen.skip": false,

	"task.reconnection": true,

	"task.saveBeforeRun": "always",

	"task.showDecorations": true,

	"task.slowProviderWarning": true,

	"terminal.integrated.allowChords": true,

	"terminal.integrated.allowMnemonics": false,

	"terminal.integrated.altClickMovesCursor": true,

	"terminal.integrated.automationProfile.linux": null,

	"terminal.integrated.automationProfile.osx": null,

	"terminal.integrated.automationProfile.windows": null,

	"terminal.integrated.automationShell.linux": null,

	"terminal.integrated.automationShell.osx": null,

	"terminal.integrated.automationShell.windows": null,

	"terminal.integrated.autoReplies": {},

	"terminal.integrated.bellDuration": 1000,

	"terminal.integrated.commandsToSkipShell": [],

	"terminal.integrated.confirmOnExit": "never",

	"terminal.integrated.confirmOnKill": "editor",

	"terminal.integrated.copyOnSelection": false,

	"terminal.integrated.cursorBlinking": false,

	"terminal.integrated.cursorStyle": "block",

	"terminal.integrated.cursorWidth": 1,

	"terminal.integrated.customGlyphs": true,

	"terminal.integrated.cwd": "",

	"terminal.integrated.defaultLocation": "view",

	"terminal.integrated.defaultProfile.linux": null,

	"terminal.integrated.defaultProfile.osx": null,

	"terminal.integrated.defaultProfile.windows": null,

	"terminal.integrated.detectLocale": "auto",

	"terminal.integrated.drawBoldTextInBrightColors": true,

	"terminal.integrated.enableBell": false,

	"terminal.integrated.enableFileLinks": true,

	"terminal.integrated.enableMultiLinePasteWarning": true,

	"terminal.integrated.enablePersistentSessions": true,

	"terminal.integrated.env.linux": {},

	"terminal.integrated.env.osx": {},

	"terminal.integrated.env.windows": {},

	"terminal.integrated.environmentChangesIndicator": "warnonly",

	"terminal.integrated.environmentChangesRelaunch": true,

	"terminal.integrated.fastScrollSensitivity": 5,

	"terminal.integrated.fontFamily": "",

	"terminal.integrated.fontSize": 14,

	"terminal.integrated.fontWeight": "normal",

	"terminal.integrated.fontWeightBold": "bold",

	"terminal.integrated.gpuAcceleration": "auto",

	"terminal.integrated.ignoreProcessNames": [
		"starship",
		"oh-my-posh",
		"bash",
		"zsh"
	],

	"terminal.integrated.inheritEnv": true,

	"terminal.integrated.letterSpacing": 0,

	"terminal.integrated.lineHeight": 1,

	"terminal.integrated.localEchoEnabled": "auto",

	"terminal.integrated.localEchoExcludePrograms": [
		"vim",
		"vi",
		"nano",
		"tmux"
	],

	"terminal.integrated.localEchoLatencyThreshold": 30,

	"terminal.integrated.localEchoStyle": "dim",

	"terminal.integrated.macOptionClickForcesSelection": false,

	"terminal.integrated.macOptionIsMeta": false,

	"terminal.integrated.minimumContrastRatio": 4.5,

	"terminal.integrated.mouseWheelScrollSensitivity": 1,

	"terminal.integrated.persistentSessionReviveProcess": "onExit",

	"terminal.integrated.persistentSessionScrollback": 100,

	"terminal.integrated.profiles.linux": {
		"bash": {
			"path": "bash",
			"icon": "terminal-bash"
		},
		"zsh": {
			"path": "zsh"
		},
		"fish": {
			"path": "fish"
		},
		"tmux": {
			"path": "tmux",
			"icon": "terminal-tmux"
		},
		"pwsh": {
			"path": "pwsh",
			"icon": "terminal-powershell"
		}
	},

	"terminal.integrated.profiles.osx": {
		"bash": {
			"path": "bash",
			"args": [
				"-l"
			],
			"icon": "terminal-bash"
		},
		"zsh": {
			"path": "zsh",
			"args": [
				"-l"
			]
		},
		"fish": {
			"path": "fish",
			"args": [
				"-l"
			]
		},
		"tmux": {
			"path": "tmux",
			"icon": "terminal-tmux"
		},
		"pwsh": {
			"path": "pwsh",
			"icon": "terminal-powershell"
		}
	},

	"terminal.integrated.profiles.windows": {
		"PowerShell": {
			"source": "PowerShell",
			"icon": "terminal-powershell"
		},
		"Command Prompt": {
			"path": [
				"${env:windir}\\Sysnative\\cmd.exe",
				"${env:windir}\\System32\\cmd.exe"
			],
			"args": [],
			"icon": "terminal-cmd"
		},
		"Git Bash": {
			"source": "Git Bash"
		}
	},

	"terminal.integrated.rightClickBehavior": "copyPaste",

	"terminal.integrated.scrollback": 1000,

	"terminal.integrated.sendKeybindingsToShell": false,

	"terminal.integrated.shell.linux": null,

	"terminal.integrated.shell.osx": null,

	"terminal.integrated.shell.windows": null,

	"terminal.integrated.shellArgs.linux": [],

	"terminal.integrated.shellArgs.osx": [
		"-l"
	],

	"terminal.integrated.shellArgs.windows": [],

	"terminal.integrated.shellIntegration.decorationsEnabled": "both",

	"terminal.integrated.shellIntegration.enabled": true,

	"terminal.integrated.shellIntegration.history": 100,

	"terminal.integrated.showExitAlert": true,

	"terminal.integrated.showLinkHover": true,

	"terminal.integrated.smoothScrolling": false,

	"terminal.integrated.splitCwd": "inherited",

	"terminal.integrated.tabs.defaultColor": null,

	"terminal.integrated.tabs.defaultIcon": "terminal",

	"terminal.integrated.tabs.description": "${task}${separator}${local}${separator}${cwdFolder}",

	"terminal.integrated.tabs.enableAnimation": true,

	"terminal.integrated.tabs.enabled": true,

	"terminal.integrated.tabs.focusMode": "doubleClick",

	"terminal.integrated.tabs.hideCondition": "singleTerminal",

	"terminal.integrated.tabs.location": "right",

	"terminal.integrated.tabs.separator": " - ",

	"terminal.integrated.tabs.showActions": "singleTerminalOrNarrow",

	"terminal.integrated.tabs.showActiveTerminal": "singleTerminalOrNarrow",

	"terminal.integrated.tabs.title": "${process}",

	"terminal.integrated.unicodeVersion": "11",

	"terminal.integrated.useWslProfiles": true,

	"terminal.integrated.windowsEnableConpty": true,

	"terminal.integrated.wordSeparators": " ()[]{}',\"`─‘’",

	"problems.autoReveal": true,

	"problems.decorations.enabled": true,

	"problems.defaultViewMode": "tree",

	"problems.showCurrentInStatus": false,

	"problems.sortOrder": "severity",

	"breadcrumbs.enabled": true,

	"breadcrumbs.filePath": "on",

	"breadcrumbs.icons": true,

	"breadcrumbs.showArrays": true,

	"breadcrumbs.showBooleans": true,

	"breadcrumbs.showClasses": true,

	"breadcrumbs.showConstants": true,

	"breadcrumbs.showConstructors": true,

	"breadcrumbs.showEnumMembers": true,

	"breadcrumbs.showEnums": true,

	"breadcrumbs.showEvents": true,

	"breadcrumbs.showFields": true,

	"breadcrumbs.showFiles": true,

	"breadcrumbs.showFunctions": true,

	"breadcrumbs.showInterfaces": true,

	"breadcrumbs.showKeys": true,

	"breadcrumbs.showMethods": true,

	"breadcrumbs.showModules": true,

	"breadcrumbs.showNamespaces": true,

	"breadcrumbs.showNull": true,

	"breadcrumbs.showNumbers": true,

	"breadcrumbs.showObjects": true,

	"breadcrumbs.showOperators": true,

	"breadcrumbs.showPackages": true,

	"breadcrumbs.showProperties": true,

	"breadcrumbs.showStrings": true,

	"breadcrumbs.showStructs": true,

	"breadcrumbs.showTypeParameters": true,

	"breadcrumbs.showVariables": true,

	"breadcrumbs.symbolPath": "on",

	"breadcrumbs.symbolSortOrder": "position",

	"telemetry.enableCrashReporter": true,

	"telemetry.enableTelemetry": true,

	"telemetry.telemetryLevel": "all",

	"outline.collapseItems": "alwaysExpand",

	"outline.icons": true,

	"outline.problems.badges": true,

	"outline.problems.colors": true,

	"outline.problems.enabled": true,

	"outline.showArrays": true,

	"outline.showBooleans": true,

	"outline.showClasses": true,

	"outline.showConstants": true,

	"outline.showConstructors": true,

	"outline.showEnumMembers": true,

	"outline.showEnums": true,

	"outline.showEvents": true,

	"outline.showFields": true,

	"outline.showFiles": true,

	"outline.showFunctions": true,

	"outline.showInterfaces": true,

	"outline.showKeys": true,

	"outline.showMethods": true,

	"outline.showModules": true,

	"outline.showNamespaces": true,

	"outline.showNull": true,

	"outline.showNumbers": true,

	"outline.showObjects": true,

	"outline.showOperators": true,

	"outline.showPackages": true,

	"outline.showProperties": true,

	"outline.showStrings": true,

	"outline.showStructs": true,

	"outline.showTypeParameters": true,

	"outline.showVariables": true,

	"timeline.pageOnScroll": false,

	"timeline.pageSize": null,

	"[csharp]":  {
		"editor.maxTokenizationLineLength": 2500
	},

	"[css]":  {
		"editor.suggest.insertMode": "replace"
	},

	"[dockercompose]":  {
		"editor.insertSpaces": true,
		"editor.tabSize": 2,
		"editor.autoIndent": "advanced"
	},

	"[dockerfile]":  {
		"editor.quickSuggestions": {
				"strings": true
		}
	},

	"[git-commit]":  {
		"editor.rulers": [
				72
		],
		"workbench.editor.restoreViewState": false
	},

	"[git-rebase]":  {
		"workbench.editor.restoreViewState": false
	},

	"[go]":  {
		"editor.insertSpaces": false
	},

	"[handlebars]":  {
		"editor.suggest.insertMode": "replace"
	},

	"[html]":  {
		"editor.suggest.insertMode": "replace"
	},

	"[javascript]":  {
		"editor.maxTokenizationLineLength": 2500
	},

	"[json]":  {
		"editor.quickSuggestions": {
				"strings": true
		},
		"editor.suggest.insertMode": "replace"
	},

	"[jsonc]":  {
		"editor.quickSuggestions": {
				"strings": true
		},
		"editor.suggest.insertMode": "replace"
	},

	"[less]":  {
		"editor.suggest.insertMode": "replace"
	},

	"[makefile]":  {
		"editor.insertSpaces": false
	},

	"[markdown]":  {
		"editor.unicodeHighlight.ambiguousCharacters": false,
		"editor.unicodeHighlight.invisibleCharacters": false,
		"editor.wordWrap": "on",
		"editor.quickSuggestions": {
				"comments": "off",
				"strings": "off",
				"other": "off"
		}
	},

	"[plaintext]":  {
		"editor.unicodeHighlight.ambiguousCharacters": false,
		"editor.unicodeHighlight.invisibleCharacters": false
	},

	"[scss]":  {
		"editor.suggest.insertMode": "replace"
	},

	"[search-result]":  {
		"editor.lineNumbers": "off"
	},

	"[shellscript]":  {
		"files.eol": "\n"
	},

	"[yaml]":  {
		"editor.insertSpaces": true,
		"editor.tabSize": 2,
		"editor.autoIndent": "advanced"
	},

	"audioCues.diffLineDeleted": "auto",

	"audioCues.diffLineInserted": "auto",

	"audioCues.enabled": null,

	"audioCues.lineHasBreakpoint": "auto",

	"audioCues.lineHasError": "auto",

	"audioCues.lineHasFoldedArea": "auto",

	"audioCues.lineHasInlineSuggestion": "auto",

	"audioCues.lineHasWarning": "off",

	"audioCues.noInlayHints": "auto",

	"audioCues.notebookCellCompleted": "auto",

	"audioCues.notebookCellFailed": "auto",

	"audioCues.onDebugBreak": "auto",

	"audioCues.taskCompleted": "auto",

	"audioCues.taskFailed": "auto",

	"audioCues.terminalQuickFix": "auto",

	"audioCues.volume": 70,

	"remote.tunnels.access.hostNameOverride": "",

	"remote.autoForwardPorts": true,

	"remote.autoForwardPortsSource": "process",

	"remote.downloadExtensionsLocally": false,

	"remote.extensionKind": {
		"pub.name": [
			"ui"
		]
	},

	"remote.localPortHost": "localhost",

	"remote.otherPortsAttributes": {},

	"remote.portsAttributes": {
		"443": {
			"protocol": "https"
		},
		"8443": {
			"protocol": "https"
		}
	},

	"remote.restoreForwardedPorts": true,

	"mergeEditor.diffAlgorithm": "experimental",

	"mergeEditor.showDeletionMarkers": true,

	"emmet.excludeLanguages": [
		"markdown"
	],

	"emmet.extensionsPath": [],

	"emmet.includeLanguages": {},

	"emmet.optimizeStylesheetParsing": true,

	"emmet.preferences": {},

	"emmet.showAbbreviationSuggestions": true,

	"emmet.showExpandedAbbreviation": "always",

	"emmet.showSuggestionsAsSnippets": false,

	"emmet.syntaxProfiles": {},

	"emmet.triggerExpansionOnTab": false,

	"emmet.useInlineCompletions": false,

	"emmet.variables": {},

	"git.allowForcePush": false,

	"git.allowNoVerifyCommit": false,

	"git.alwaysShowStagedChangesResourceGroup": false,

	"git.alwaysSignOff": false,

	"git.autofetch": false,

	"git.autofetchPeriod": 180,

	"git.autorefresh": true,

	"git.autoRepositoryDetection": true,

	"git.autoStash": false,

	"git.branchPrefix": "",

	"git.branchProtection": [],

	"git.branchProtectionPrompt": "alwaysPrompt",

	"git.branchRandomName.dictionary": [
		"adjectives",
		"animals"
	],

	"git.branchRandomName.enable": false,

	"git.branchSortOrder": "committerdate",

	"git.branchValidationRegex": "",

	"git.branchWhitespaceChar": "-",

	"git.checkoutType": [
		"local",
		"remote",
		"tags"
	],

	"git.closeDiffOnOperation": false,

	"git.commandsToLog": [],

	"git.confirmEmptyCommits": true,

	"git.confirmForcePush": true,

	"git.confirmNoVerifyCommit": true,

	"git.confirmSync": true,

	"git.countBadge": "all",

	"git.decorations.enabled": true,

	"git.defaultCloneDirectory": null,

	"git.detectSubmodules": true,

	"git.detectSubmodulesLimit": 10,

	"git.enableCommitSigning": false,

	"git.enabled": true,

	"git.enableSmartCommit": false,

	"git.enableStatusBarSync": true,

	"git.fetchOnPull": false,

	"git.followTagsWhenSync": false,

	"git.githubAuthentication": null,

	"git.ignoredRepositories": [],

	"git.ignoreLegacyWarning": false,

	"git.ignoreLimitWarning": false,

	"git.ignoreMissingGitWarning": false,

	"git.ignoreRebaseWarning": false,

	"git.ignoreSubmodules": false,

	"git.ignoreWindowsGit27Warning": false,

	"git.inputValidation": "warn",

	"git.inputValidationLength": 72,

	"git.inputValidationSubjectLength": 50,

	"git.mergeEditor": false,

	"git.openAfterClone": "prompt",

	"git.openDiffOnClick": true,

	"git.optimisticUpdate": true,

	"git.path": null,

	"git.postCommitCommand": "none",

	"git.promptToSaveFilesBeforeCommit": "always",

	"git.promptToSaveFilesBeforeStash": "always",

	"git.pruneOnFetch": false,

	"git.pullBeforeCheckout": false,

	"git.pullTags": true,

	"git.rebaseWhenSync": false,

	"git.rememberPostCommitCommand": false,

	"git.repositoryScanIgnoredFolders": [
		"node_modules"
	],

	"git.repositoryScanMaxDepth": 1,

	"git.requireGitUserConfig": true,

	"git.scanRepositories": [],

	"git.showActionButton": {
		"commit": true,
		"publish": true,
		"sync": true
	},

	"git.showCommitInput": true,

	"git.showInlineOpenFileAction": true,

	"git.showProgress": true,

	"git.showPushSuccessNotification": false,

	"git.smartCommitChanges": "all",

	"git.statusLimit": 10000,

	"git.suggestSmartCommit": true,

	"git.supportCancellation": false,

	"git.terminalAuthentication": true,

	"git.terminalGitEditor": false,

	"git.timeline.date": "committed",

	"git.timeline.showAuthor": true,

	"git.timeline.showUncommitted": false,

	"git.untrackedChanges": "mixed",

	"git.useCommitInputAsStashMessage": false,

	"git.useEditorAsCommitInput": true,

	"git.useForcePushWithLease": true,

	"git.useIntegratedAskPass": true,

	"git.verboseCommit": false,

	"github.gitAuthentication": true,

	"github.gitProtocol": "https",

	"github-enterprise.uri": "",

	"grunt.autoDetect": "off",

	"gulp.autoDetect": "off",

	"ipynb.pasteImagesAsAttachments.enabled": true,

	"jake.autoDetect": "off",

	"markdown.math.enabled": true,

	"merge-conflict.autoNavigateNextConflict.enabled": false,

	"merge-conflict.codeLens.enabled": true,

	"merge-conflict.decorators.enabled": true,

	"merge-conflict.diffViewPosition": "Current",

	"debug.javascript.autoAttachFilter": "disabled",

	"debug.javascript.autoAttachSmartPattern": [
		"${workspaceFolder}/**",
		"!**/node_modules/**",
		"**/$KNOWN_TOOLS$/**"
	],

	"debug.javascript.automaticallyTunnelRemoteServer": true,

	"debug.javascript.breakOnConditionalError": false,

	"debug.javascript.codelens.npmScripts": "top",

	"debug.javascript.debugByLinkOptions": "on",

	"debug.javascript.defaultRuntimeExecutable": {
		"pwa-node": "node"
	},

	"debug.javascript.pickAndAttachOptions": {},

	"debug.javascript.resourceRequestOptions": {},

	"debug.javascript.terminalOptions": {},

	"debug.javascript.unmapMissingSources": false,

	"npm.autoDetect": "on",

	"npm.enableRunFromFolder": false,

	"npm.enableScriptExplorer": false,

	"npm.exclude": "",

	"npm.fetchOnlinePackageInfo": true,

	"npm.packageManager": "auto",

	"npm.runSilent": false,

	"npm.scriptExplorerAction": "open",

	"npm.scriptExplorerExclude": [],

	"npm.scriptHover": true,

	"references.preferredLocation": "peek",

	"simpleBrowser.focusLockIndicator.enabled": true,

	"bookmarks.backgroundLineColor": "",

	"bookmarks.experimental.enableNewStickyEngine": true,

	"bookmarks.gutterIconBorderColor": "#157EFB",

	"bookmarks.gutterIconFillColor": "#157EFB",

	"bookmarks.gutterIconPath": "",

	"bookmarks.keepBookmarksOnLineDelete": false,

	"bookmarks.label.suggestion": "dontUse",

	"bookmarks.multicursor.toggleMode": "allLinesAtOnce",

	"bookmarks.navigateThroughAllFiles": true,

	"bookmarks.saveBookmarksInProject": false,

	"bookmarks.showCommandsInContextMenu": true,

	"bookmarks.showNoMoreBookmarksWarning": true,

	"bookmarks.sideBar.expanded": false,

	"bookmarks.useWorkaroundForFormatters": false,

	"bookmarks.wrapNavigation": true,

	"prettier.arrowParens": "always",

	"prettier.bracketSameLine": false,

	"prettier.bracketSpacing": true,

	"prettier.configPath": "",

	"prettier.disableLanguages": [],

	"prettier.documentSelectors": [],

	"prettier.embeddedLanguageFormatting": "auto",

	"prettier.enable": true,

	"prettier.enableDebugLogs": false,

	"prettier.endOfLine": "lf",

	"prettier.htmlWhitespaceSensitivity": "css",

	"prettier.ignorePath": ".prettierignore",

	"prettier.insertPragma": false,

	"prettier.jsxBracketSameLine": false,

	"prettier.jsxSingleQuote": false,

	"prettier.packageManager": "npm",

	"prettier.prettierPath": "",

	"prettier.printWidth": 80,

	"prettier.proseWrap": "preserve",

	"prettier.quoteProps": "as-needed",

	"prettier.requireConfig": false,

	"prettier.requirePragma": false,

	"prettier.resolveGlobalModules": false,

	"prettier.semi": true,

	"prettier.singleAttributePerLine": false,

	"prettier.singleQuote": false,

	"prettier.tabWidth": 2,

	"prettier.trailingComma": "es5",

	"prettier.useEditorConfig": true,

	"prettier.useTabs": false,

	"prettier.vueIndentScriptAndStyle": false,

	"prettier.withNodeModules": false,

	"gutterpreview.currentColorForSVG": "white",

	"gutterpreview.enableReferenceLookup": false,

	"gutterpreview.imagePreviewMaxHeight": "100",

	"gutterpreview.imagePreviewMaxWidth": "-1",

	"gutterpreview.paths": {},

	"gutterpreview.showImagePreviewOnGutter": true,

	"gutterpreview.showUnderline": true,

	"gutterpreview.sourceFolder": "src",

	"material-icon-theme.activeIconPack": "angular",

	"material-icon-theme.files.associations": {},

	"material-icon-theme.files.color": "#90a4ae",

	"material-icon-theme.folders.associations": {},

	"material-icon-theme.folders.color": "#90a4ae",

	"material-icon-theme.folders.theme": "specific",

	"material-icon-theme.hidesExplorerArrows": false,

	"material-icon-theme.languages.associations": {},

	"material-icon-theme.opacity": 1,

	"material-icon-theme.saturation": 1,

	"cssPeek.enable": true,

	"cssPeek.peekFromLanguages": [
		"html",
		"django-html",
		"laravel-blade",
		"razor",
		"vue",
		"blade",
		"pug",
		"jade",
		"handlebars",
		"php",
		"twig",
		"md",
		"nunjucks",
		"javascript",
		"javascriptreact",
		"erb",
		"typescript",
		"typescriptreact",
		"HTML (Eex)",
		"html-eex",
		"ejs"
	],

	"cssPeek.peekToExclude": [
		"**/node_modules/**",
		"**/bower_components/**"
	],

	"cssPeek.supportTags": true,

	"cssPeek.trace.server": "off",

	"liveServer.settings.AdvanceCustomBrowserCmdLine": null,

	"liveServer.settings.ChromeDebuggingAttachment": false,

	"liveServer.settings.CustomBrowser": null,

	"liveServer.settings.donotShowInfoMsg": false,

	"liveServer.settings.donotVerifyTags": false,

	"liveServer.settings.file": "",

	"liveServer.settings.fullReload": false,

	"liveServer.settings.host": "127.0.0.1",

	"liveServer.settings.https": {
		"enable": false,
		"cert": "",
		"key": "",
		"passphrase": ""
	},

	"liveServer.settings.ignoreFiles": [
		".vscode/**",
		"**/*.scss",
		"**/*.sass",
		"**/*.ts"
	],

	"liveServer.settings.mount": [],

	"liveServer.settings.multiRootWorkspaceName": null,

	"liveServer.settings.NoBrowser": false,

	"liveServer.settings.port": 5500,

	"liveServer.settings.proxy": {
		"enable": false,
		"baseUri": "/",
		"proxyUri": "http://127.0.0.1:80"
	},

	"liveServer.settings.root": "/",

	"liveServer.settings.showOnStatusbar": true,

	"liveServer.settings.useLocalIp": false,

	"liveServer.settings.useWebExt": false,

	"liveServer.settings.wait": 100,

	"html-to-css-autocompletion.autocompletionFilesScope": "multi-root",

	"html-to-css-autocompletion.excludePattern": "",

	"html-to-css-autocompletion.folderNamesToBeExcluded": [
		"node_modules"
	],

	"html-to-css-autocompletion.folderNamesToBeIncluded": [
		""
	],

	"html-to-css-autocompletion.getSelectorsFromFileTypes": [
		"html",
		"php"
	],

	"멍뭉이이름": "코리올라누스",
	"멍뭉이사는곳":"제주도",
	"멍뭉이출신지":"이탈리아",
	"멍뭉이간식":"사시미",

	"html-to-css-autocompletion.triggerCharacters": false

},
{
	"야웅이름": "먼치킨",
	"야웅사는곳":"평택항",
	"야웅출신지":"뉴올리언즈",
	"야웅간식":"참치"
}]